distance_to_subject,prop_type,stories,address,city_province,sale_date,sale_price,dom,location_similarity,lot_size,age,condition,gla,room_count,bed_count,bath_count,basement_finish,parking,neighborhood,orderID
0.15 KM,Townhouse,2 Storey,930 Amberdale Cres,Kingston ON K7M 6V1,Oct/25/2024,"378,900",38,Similar,N/A Condominium,49,Superior,1044 SqFt,6,3,2:0,Full/Finished,No Garage,,4762597
0.02 KM,Townhouse,2 Storey,771 Ashwood Dr,Kingston ON K7M 6X7,Feb/05/2025,"327,000",51,Inferior,N/A Condominium,49,Inferior,1044 SqFt,6,3,1:0,Full/Finished,No Garage,,4762597
0.09 KM,Townhouse,2 Storey,995 Amberdale Cres,Kingston ON K7M 6X6,Feb/14/2025,"315,000",95,Inferior,N/A Condominium,49,Inferior,1044 SqFt,6,3,2:0,Full/Part Finished,No Garage,,4762597
3.73 KM,Detached,1 Storey,64 Deermist Dr,Porters Lake NS B3E 1P3,Jan/16/2025,"800,000",141+/-,Inferior,80212+/-SqFt,11+/-,Similar,1602+/-SqFt,6,3,2:0,Full/Finished,Dbl. Att. Gar.,,4762739
8.98 KM,Detached,1 Storey,85 Oceanic Dr,East Lawrencetown NS B2Z 1T6,Dec/21/2024,"950,000",280+/-,Inferior,61700+/-SqFt,11+/-,Good,2100+/-SqFt,6,3,2:0,Full/Finished,1.5Att.Gar./Dbl.Att.Gar.,,4762739
17.33 KM,Detached,1.5 Storey,270 Quinlan Dr,Head of Jeddore NS B0J 1P0,Nov/23/2024,"829,900",47+/-,Similar,48200+/-SqFt,12+/-,Good,1662+/-SqFt,5,2,2:0,Full/Part Finished,Driveway,,4762739
0.31 KM,Detached,2 Storey,6 Marshall Ave,Ayr ON N0B 1E0,Mar/26/2025,"1,150,000",7+/-,Similar,15116 sqft,58 +/-,Superior,2003 SqFt,8,4,2F1P,Rec Room,Dbl. Att. Gar.,,4763065
0.50 KM,Detached,2 Storey,3219 Roseville Rd,Ayr ON N0B 1E0,Dec/24/2024,"1,130,000",40 +/-,Inferior,11138 sqft,1+/-,Superior,2940 SqFt,8,4,3F1P,Rec Room,Dbl. Att. Gar.,,4763065
23.23 KM,Detached,2 Storey,13 James Crt,Heidelberg ON N0B 2M1,Apr/16/2025,"1,220,000",6 +/-,Superior,29200 sqft,40 +/-,Average,2365 SqFt,7,3,2F1P,Rec/Bath,Dbl. Att. Gar.,,4763065
0.78 KM,Detached,Bungalow,48 Stonewalk Dr,Kemptville ON K0G 1J0,Feb/20/2025,"812,000",8 +/-,Similar,390x195 / 1.85 Acres,2018 +/-,Inferior,1571 SqFt,6,3,2:0,Full/Part Finished,Dbl. Att. Gar.,,4763086
0.53 KM,Detached,Bungalow,36 Stonewalk Dr,Kemptville ON K0G 1J0,Oct/11/2024,"855,000",8 +/-,Similar,225x217 /1.24 Acres,2011 +/-,Inferior,1610 SqFt,6,3,2:1,Full/Finished,Dbl. Att. Gar.,,4763086
0.99 KM,Detached,2 Storey,56 Stonewalk Dr,Kemptville ON K0G 1J0,Feb/17/2025,"920,000",13 +/-,Similar,190x403 / 2 Acres,1976 +/-,Similar,1976 SqFt,8,5,4:0,Full/Finished,Dbl. Att. Gar.,,4763086
0.00 KM,Condominium,1 Storey,801-105 Dunbrack St,Halifax NS B3M 3G7,Apr/15/2025,"380,000",2+/-,Similar,CONDO - N/A,47yrs+/-,Inferior,1048 SqFt,5,2,1:0,None,"1, Surface Stall",,4763087
1.43 KM,Condominium,1 Storey,210-40 Regency Park Dr,Halifax NS B3S 1L4,Feb/18/2025,"475,000",19+/-,Similar,CONDO - N/A,25yrs+/-,Similar,1553 SqFt,6,2,2:0,None,"1, Undgrnd. Stall",,4763087
4.97 KM,Condominium,1 Storey,313-79 Bedros Lane,Halifax NS B3M 4X5,Dec/13/2024,"520,000",62+/-,Superior,CONDO - N/A,19yrs+/-,Superior,1483 SqFt,6,3,2:0,None,"1, Undgrnd. Stall",,4763087
0.38 KM,Detached,4 Level Split,123 Crestwood Pl,Dartmouth NS B2V 2P5,Apr/14/2025,"703,850",2+/-,Similar,7726+/-SqFt,36+/-,Superior,2100+/-SqFt,8,4,2:1,Part/Full Finished,Sgl. Att. Gar.,,4764094
1.03 KM,Detached,3 Level Split,38 Deerbrooke Dr,Dartmouth NS B2V 1W3,Dec/13/2024,"620,000",1+/-,Inferior,7623+/-SqFt,45+/-,Similar,1688+/-SqFt,6,3,1:1,Full/Finished,Sgl. Bin. Gar,,4764094
0.23 KM,Detached,2 Storey,18 Becks Way,Dartmouth NS B2V 2C3,Nov/18/2024,"662,000",54+/-,Similar,9110+/-SqFt,39+/-,Inferior,2298+/-SqFt,8,3,2:1,Full/Finished,Sgl. Att. Gar.,,4764094
0.64 KM,Semi Detached,2 Storey,128 Donegall Dr,East York ON M4G 3G8,Mar/31/2025,"1,680,000",7,Similar,2604 SqFt,95,Similar,1306 SqFt,7,3,2:0,Full/Finished,None,,4764103
0.54 KM,Semi Detached,2 Storey,142 Donlea Dr,East York ON M4G 2M8,Mar/23/2025,"1,520,000",5,Inferior,3348 SqFt,77,Inferior,1334 SqFt,6,3,2:0,Full/Finished,Sgl. Det. gar.,,4764103
1.27 KM,Semi Detached,2 Storey,138 Banff Rd,Toronto ON M4P 2P5,Dec/05/2024,"1,600,000",3,Similar,1936 SqFt,81,Similar,1120 SqFt,6,3,2:0,Full/Finished,Sgl. Att. Gar.,,4764103
0.15 KM,Townhouse,2 Storey,655 Allied Mews,Stittsville ON K2S 3A1,Dec/09/2024,"705,000",17 +/-,Similar,35Fx86F/ 2992 SqFt,2022,Average,1802 SqFt,8,4,2F1H,Full/Finished,Sgl. Att. Gar.,,4761696
3.54 KM,Townhouse,2 Storey,514 Triangle St,Stittsville ON K2V 0M8,Mar/29/2025,"755,000",1 +/-,Similar,25Fx100F/ 2893 SqFt,2021,Good,2131 SqFt,7,3,2F1H,Full/Finished,Sgl. Att. Gar.,,4761696
3.43 KM,Townhouse,2 Storey,225 Lift Lane,Stittsville ON K2V 0M7,Mar/29/2025,"768,800",23 +/-,Similar,55x126/4230 SqFt,2020,Good,1758 SqFt,7,3,2F1H,Full/Finished,Dbl. Att. Gar.,,4761696
6.41 KM,Condominium,1 Storey,306-79 Bedros Lane,Halifax NS B3M 4X5,Feb/24/2025,"720,000",5+/-,Similar,N/A - Condo,20+/-,Inferior,1816+/-SqFt,7,2,2:0,None,"1, Undgrnd. Stall",,4762154
0.00 KM,Condominium,2 Storey,401-11 Springvale Ave,Halifax NS B3N 0A3,Nov/21/2024,"900,000",23+/-,Inferior,N/A - Condo,19+/-,Superior,2206+/-SqFt,7,2,2:0,None,"2, Undgrnd. Stalls",,4762154
0.00 KM,Condominium,1 Storey,111-11 Springvale Ave,Halifax NS B3N 0A3,Oct/18/2024,"720,000",0+/-,Inferior,N/A - Condo,17+/-,Inferior,1342+/-SqFt,6,2,2:0,None,"1, Undgrnd. Stall",,4762154
0.15 KM,Detached,2 Storey,118 Sandpiper Pk,Chestermere AB T1X 1Y8,Apr/07/2025,"860,000",31,Inferior,n/a x n/a 500 SQ M,2022,Good,2367 SqFt,10,4,3F,Full/Finished,Trpl. Att. Gar.,,4762330
0.50 KM,Detached,2 Storey,19 Sandpiper Bend,Chestermere AB T1X 2S6,Feb/08/2025,"890,000",48,Inferior,486 SQ M,2024,Good,2614 SqFt,9,5,4F,Full/Finished,Trpl. Att. Gar.,,4762330
1.11 KM,Detached,2 Storey,109 Kinniburgh Cove,Chestermere AB T1X 0Y6,Jan/27/2025,"860,000",31,Inferior,459 Sq M,2018,Good,2608 SqFt,9,4,2F 1F,Full/Finished,Trpl. Att. Gar.,,4762330
,Detached,1 Storey,58 Blind Bay Dr,Blind Bay NS B3Z 4C1,Jan/25/2025,"1,189,500",179+/-,Inferior,169884+/-SqFt,21+/-,Good,2555+/-SqFt,7,3,3:0,None,Dbl. Det. Gar.,,4762406
,Detached,1 Storey,401 Viewmount Dr,Head of St Margarets Bay NS B3Z 2G4,Dec/19/2024,"1,653,000",20+/-,Superior,24650+/-SqFt,54+/-,Good,1829+/-SqFt,6,1,1:1,Full/Finished,Driveway,,4762406
,Detached,1.5 Storey,2 Crouchers Point Rd,Glen Haven NS B3Z 2W4,Jun/28/2024,"1,800,000",0+/-,Superior,59396+/-SqFt,34+/-,Good,3024+/-SqFt,10,3,2:1,Full/Finished,Dbl.At.G.+Sn.Det.G.,,4762406
1.22 KM,Semi Detached,2 Storey,74 Gianmarco Way,Maple ON L6A 3J2,Mar/09/2025,"1,105,000",5,Similar,2433 SqFt,25,Superior,1695 SqFt,6,3,2:2,Full/Finished,Sgl. Att. Gar.,,4761220
1.39 KM,Semi Detached,2 Storey,20 Del Francesco Way,Maple ON L6A 3J6,Apr/02/2025,"1,045,000",16,Similar,2647 SqFt,24,Inferior,1572 SqFt,7,3,3:1,Finished-illegal apartment,Sgl. Att. Gar.,,4761220
2.09 KM,Semi Detached,2 Storey,3 Blackthorn Dr,Maple ON L6A 3C3,Mar/04/2025,"1,150,000",8,Similar,2680 SqFt,23,Superior,1489 SqFt,7,3,3:1,Full/Finished,Sgl. Att. Gar.,,4761220
11.52 KM,Detached,1 Storey,428 Heddas Way,Fall River NS B2T 0M2,Feb/21/2025,"1,895,000",123+/-,Inferior,131115+/-SqFt,4+/-,Superior,2354+/-SqFt,7,3,2:1,Full/Finished,Dbl. (2Bay) Att. Gar.,,4761433
1.14 KM,Detached,2 Storey,158 Eaglewood Dr,Bedford NS B4A 3B2,Mar/21/2025,"1,185,000",3+/-,Similar,11029+/-SqFt,44+/-,Superior,2494+/-SqFt,7,4,3:0,Full/Finished,Dbl. Att. Gar.,,4761433
2.91 KM,Detached,2 Storey,107 Ahmadi Cres,Bedford NS B4A 4E5,Sep/20/2024,"1,200,000",69+/-,Similar,18036+/-SqFt,20+/-,Superior,3774+/-SqFt,11,5,3:1,Full/Finished,Dbl. Att. Gar.,,4761433
1.89 KM,Detached,Bungalow,868 Roshan Dr,Kingston ON K7P 0B2,Mar/19/2025,"797,000",107,Inferior,"49' x 119' / 5,831 sf",13,Inferior,"1,805 SqFt",17,2+2,3:0,Full/Finished/Inlaw,Double Attached,,4761446
0.51 KM,Detached,Bungalow,1249 Carfa Cres,Kingston ON K7P 0M7,Nov/16/2024,"1,095,000",10,Superior,"50' x 118' / 5,900 sf",5,Superior,"1,741 SqFt",6+3,3+1,3:0,Full Finished/Walkout,Double Attached,,4761446
1.12 KM,Detached,Split Level,891 Safari Dr,Kingston ON K7M 6W2,Nov/20/2024,"856,000",23,Inferior,"60' x 110' / 6,600 sf",46,Inferior,"2,094 SqFt",12+4,3+1,2:1,Full Finished/Walkout,Double Attached,,4761446
1.30 KM,Detached,2 Storey,209 Glen Arbour Way,Hammonds Plains NS B4B 1T5,Apr/07/2025,"930,000",93+/-,Superior,52500+/-SqFt,25+/-yrs,Superior,3167+/-SqFt,7,2,2:1,Full/Finished,Dbl. Att. Gar.,,4759647
5.27 KM,Detached,2 Storey,1 Virginia Dr,Hammonds Plains NS B4B 1S5,Feb/21/2025,"692,000",82+/-,Inferior,50853+/-SqFt,28+/-yrs,Inferior,2343+/-SqFt,7,4,2:1,Full/Finished,Dbl. (2Bay) Att. Gar.,,4759647
3.50 KM,Detached,2 Storey,1693 White Hills Run,Hammonds Plains NS B4B 1W1,Feb/14/2025,"588,000",5+/-,Inferior,82700+/-SqFt,21+/-yrs,Inferior,1664+/-SqFt,6,3,2:1,Full/Unfinished,Driveway,,4759647
1.74 KM,Detached,2-Storey,142 Chenoa Way,Nepean ON K2J 0W8,Jan/25/2025,"1,435,000",79,Similar,50.15 x 123 / 6196 SqFt,2009 +/-,Similar,3574 SqFt,8,4,4:1,Full/Finished,Dbl. Att. Gar.,,4759723
1.05 KM,Detached,2-Storey,100 Brambling Way,Nepean ON K2J 5V3,Jan/31/2025,"1,150,000",16,Similar,58.12 x 98.32 / 5600 SqFt,2012 +/-,Inferior,3756 SqFt,8,4,4:1,Full/Finished,Dbl. Att. Gar.,,4759723
0.91 KM,Detached,2-Storey,334 Shadehill Cres,Nepean ON K2J 0L6,Feb/05/2025,"1,244,900",13,Similar,49.98 x 116.28 / 5823 SqFt,2007 +/-,Inferior,2442 SqFt,8,3,3:1,Full/Finished,Dbl. Att. Gar.,,4759723
1.51 KM,Detached,Bungalow Raised,3948 Vandorf Siderd,Stouffville ON L4A 4K3,Mar/28/2025,"2,580,000",104,Similar,10.029 Acres,12,Similar,2017 SqFt,6,3,3:1,Full Finished/Walkout,Dbl. Att. Gar.,,4760530
7.58 KM,Detached,Bungalow,11 Union St,Stouffville ON L0H 1G0,Dec/03/2024,"2,430,000",60,Similar,1.22 Acres,37,Inferior,2133 SqFt,7,3,2:2,Full Finished/Walkout,Dbl. Att. Gar.,,4760530
3.46 KM,Detached,Bungalow,9 Elias Snider Crt,Stouffville ON L4A 2G3,Sep/06/2024,"2,200,000",59,Similar,1.47 acres,25,Inferior,2676 SqFt,11,4,4:1,Full/Finished,Trpl. Att. Gar.,,4760530
0.63 KM,Townhouse,2 1/2 Storey,133 William St,Kingston ON K7L 2C7,Jan/20/2025,"890,000",13,Superior,19' x 106' / 2014 SqFt,100+,Inferior,2250 +/- SqFt,9,5,2:1,Full/Part Finished,1 Parking space,,4760630
0.37 KM,Townhouse,2 1/2 Storey,297 University Ave,Kingston ON K7L 3R3,Mar/26/2025,"770,000",9,Similar,17' x 105' / 1785 SqFt,100+,Inferior,1750 +/- SqFt,10,5,1:1,Cellar,1 Parking space,,4760630
0.07 KM,Townhouse,2-Storey,368 Barrie St,Kingston ON K7K 3T3,Apr/07/2025,"770,000",13,Similar,17' x 58' / 986 SqFt,100+,Inferior,1750 +/- SqFt,10,6,2:0,Cellar,No Parking,,4760630
0.37 KM,Detached,2 Storey,57 Taleen Dr,Lower Sackville NS B4C 4A5,Feb/21/2025,"487,000",2,Similar,3400 SqFt,32,Similar,1200 SqFt,6,3,1:1,Full/Finished,Driveway,,4760651
0.12 KM,Detached,2 Storey,4 Victoria Dr,Lower Sackville NS B4C 4C3,Mar/27/2025,"505,000",13,Similar,3719 SqFt,32,Similar,1540 SqFt,6,3,1:1,Full/Finished,Driveway,,4760651
1.62 KM,Detached,2 Storey,9 Penstock Crt,Middle Sackville NS B4E 2L6,Dec/17/2024,"475,000",4,Similar,3148 SqFt,37,Similar,1320 SqFt,6,3,1:1,Full/Part Finished,Driveway,,4760651
0.06 KM,Detached,2 Storey,1059 Cornerstone St NE,Calgary AB T3N 1G6,Mar/20/2025,"686,000",67 +/-,Similar,285 SqM,2016,Good,1808 SqFt,8,3,2F 1H,Full/Finished,Dbl. Det. Gar.,,4760900
1.33 KM,Detached,2 Storey,312 Redstone Ave NE,Calgary AB T3N 1M8,Feb/12/2025,"690,000",27 +/-,Similar,282 SqM,2019,Good,1801 SqFt,6,3,2F 1H,Full/Finished,Dbl. Det. Gar.,,4760900
1.53 KM,Detached,2 Storey,90 Corner Ridge Mews NE,Calgary AB T3N 1X4,Mar/10/2025,"680,000",58 +/-,Superior,314 SqM,2021,Good,1640 SqFt,7,3,2F 1H,Full/Finished,Off Street,,4760900
0.07 KM,Detached,Bungalow,523 35A St NW,Calgary AB T2N 3A1,Nov/22/2024,"802,500",15,Superior,492 SqM,1952,Similar,94 SqM,5,2,2F,Full/Finished,Sgl. Det. gar.,,4742669
1.77 KM,Detached,1.5 Storey,2425 3 Ave NW,Calgary AB T2N 0L2,Jan/24/2025,"670,000",2,Superior,503 SqM,1945,Inferior,94 SqM,5,2,1F,Part/Unfinished,Sgl. Det. gar.,,4742669
1.54 KM,Detached,Bungalow,2536 4 Ave NW,Calgary AB T2N 0P4,Dec/26/2024,"810,000",21,Superior,501 SqM,1951,Similar,78 SqM,4,2,2F,Full/Finished,Sgl. Det. gar.,,4742669
2.17 KM,Detached,2 Storey,3116 Winspear Cres SW,Edmonton AB T6X 1P3,Nov/01/2024,"842,500",90,Inferior,514 SqM,10,Similar,2770 SqFt,8,4,2 Full/1Half,Full Finished/Walkout,Dbl. Att. Gar.,,4752865
4.69 KM,Detached,2 Storey,716 40 St SW,Edmonton AB T6X 2G4,Aug/25/2024,"844,707",33,Inferior,430 SqM,9,Similar,2556 SqFt,7,3,2 Full/1Half,Full Finished/Walkout,Dbl. Att. Gar.,,4752865
3.27 KM,Detached,2 Storey,1253 Adamson Dr SW,Edmonton AB T6W 1Z4,Jan/24/2025,"1,194,500",108,Superior,675 SqM,13,Superior,3364 SqFt,8,4,2 Full/1Half,Full Finished/Walkout,Trpl. Att. Gar.,,4752865
4.01 KM,Detached,2 Storey,1959 Montclair Ave,Orléans ON K1W 1H9,Feb/07/2025,"942,500",8 +/-,Similar,47Fx116F/5541 SqFt,1998,Inferior,2596 SqFt,10,4,2:1,Full/Unfinished,Dbl. Att. Gar.,,4755196
0.43 KM,Detached,2 Storey,415 Hepatica Way,Orléans ON K4A 1G3,Mar/31/2025,"1,085,000",38 +/-,Similar,42Fx94F/ 4085 SqFt,2018,Inferior,3351 SqFt,10,4,3:1,Full/Unfinished,Dbl. Att. Gar.,,4755196
0.84 KM,Detached,2 Storey,156 Aquarium Ave,Orléans ON K4A 1L1,Mar/08/2025,"1,130,000",2 +/-,Similar,42Fx95F/4230 SqFt,2020,Superior,3071 SqFt,8,4,3:1,Full/Finished,Dbl. Att. Gar.,,4755196
2.30 KM,High Rise Apartment,1 Storey,1606-1111 10 St SW,Calgary AB T2R 1E3,Jan/31/2025,"517,500",14 +/-,Inferior,Common Property,2012,Inferior,965 SqFt,6,2,2F,None,1 Underground Stall,,4756192
1.92 KM,High Rise Apartment,1 Storey,3205-930 6 Ave SW,Calgary AB T2P 1J3,Feb/12/2025,"574,900",31 +/-,Superior,Common Property,2017,Inferior,980.69 SqFt,6,2,2F,None,1 Underground Stall,,4756192
0.21 km,High Rise Apartment,1 Storey,Unit 2602 - 510 6 Avenue SE,"Calgary , Alberta, T2G 0H1",Mar/27/2025,"607,500",41 +/-,Superior,Common Property,2016,Inferior,1037.62 SqFt,5,2,2F,None,2 Underground Stalls,,4756192
0.51 KM,Detached,2 Storey,3018 Arthurs Cres SW,Edmonton AB T6W 2H9,Nov/21/2024,"441,500",83,Similar,253 SqM,11,Similar,1425 SqFt,5,3,2 Full/1Half,Full/Unfinished,Dbl. Det. Gar.,,4756320
0.67 KM,Detached,2 Storey,146 Allard Link SW,Edmonton AB T6W 2J1,Oct/12/2024,"468,000",99,Similar,348 SqM,9,Similar,1580 SqFt,5,3,2 Full/1Half,Full/Unfinished,Dbl. Det. Gar.,,4756320
0.81 KM,Detached,2 Storey,645 Allard Blvd SW,Edmonton AB T6W 2G3,Feb/27/2025,"478,000",10,Similar,406 SqM,11,Similar,1440 SqFt,5,3,2 Full/1Half,Full/Unfinished,Dbl. Det. Gar.,,4756320
1.39 KM,Townhouse,2 Storey,283 Falsetto St,Orléans ON K1W 0S4,Feb/04/2025,"635,000",21,Similar,24.88 x 69 / 1722 SqFt,2024 +/-,Superior,1569 SqFt,6,3,3:1,Full/Finished,Sgl. Att. Gar.,,4756829
1.57 KM,Townhouse,2 Storey,783 Percifor Way,Orléans ON K1W 0E5,Feb/21/2025,"612,500",25,Similar,20.96 x 92.49 / 1941 SqFt,2011 +/-,Similar,1740 SqFt,7,3,2:1,Full/Finished,Sgl. Att. Gar.,,4756829
1.61 KM,Townhouse,2 Storey,178 Joshua St,Orléans ON K1W 0C4,Feb/16/2025,"632,000",9,Similar,22.44 x 125.92 / 2417 SqFt,2019 +/-,Superior,1515 SqFt,6,3,2:1,Full/Finished,Sgl. Att. Gar.,,4756829
0.77 KM,Detached,Bi-Level,924 15 Ave NE,Calgary AB T2E 1J1,Feb/26/2025,"760,000",22,Superior,557 SqM,1953,Similar,99 SqM,5,3,2F,Full/Finished,Dbl. Det. Gar.,,4757939
0.88 KM,Detached,Bungalow,632 12 Ave NE,Calgary AB T2E 1B1,Jan/03/2025,"773,000",97,Similar,557 SqM,1944,Superior,58 SqM,4,1,1F,Full/Finished,Dbl. Det. Gar.,,4757939
3.01 KM,Detached,Bungalow,3310 Centre St NE,Calgary AB T2E 2X8,Jan/06/2025,"650,000",123,Inferior,557 SqM,1949,Similar,88 SqM,5,2,2F,Full/Finished,Dbl. Det. Gar.,,4757939
0.61 KM,Low Rise Apartment,1 Storey,2207-950 Arbour Lake Rd NW,Calgary AB T3G 5B3,Apr/04/2025,"378,900",77 +/-,Similar,Common Property,2003,Good,1130 SqFt,7,2,2F,None,2 UG Stalls,,4757966
0.00 KM,Low Rise Apartment,1 Storey,215-88 Arbour Lake Rd NW,Calgary AB T3G 0C2,Mar/11/2025,"328,500",35 +/-,Similar,Common Property,2008,Good,950 SqFt,6,2,2F,None,1 UG Stall,,4757966
0.00 KM,Low Rise Apartment,1 Storey,206-88 Arbour Lake Rd NW,Calgary AB T3G 0C2,Mar/12/2025,"384,000",19 +/-,Similar,Common Property,2008,Good,1060.09 SqFt,6,2,2F,None,2 UG Stalls,,4757966
0.06 KM,Detached,2 Storey,4 Rockcliff Pt NW,Calgary AB T3G 5Z4,Dec/09/2024,"1,249,000",46,Inferior,677 SqM,2006,Good,285 SqM,8,3,3F 1H,Full/Finished,Trpl. Att. Gar.,,4758025
0.24 KM,Detached,2 Storey,61 Rockford Rd NW,Calgary AB T3G 0E1,Jan/16/2025,"1,235,000",6,Similar,512 SqM,2013,Good,240 SqM,8,3,3F 1H,Full/Finished,Dbl. Att. Gar.,,4758025
0.43 KM,Detached,2 Storey,1 Rock Lake Pt NW,Calgary AB T3G 0E9,Mar/18/2025,"1,175,000",12,Inferior,546 SqM,2023,Superior,230 SqM,9,4,3F,Full/Unfinished,Trpl. Att. Gar.,,4758025
0.17 KM,Condominium,1 Storey,216-100 Auburn Meadows Manor SE,Calgary AB T3M 3H2,Apr/03/2025,"378,000",28,Similar,Common Property,2020,Good,934,5,2,2,None,"1, Undgrnd. Stall",,4758316
,Condominium,Apartment-Low-Rise (,411-25 Auburn Meadows Ave SE,Calgary AB T3M 2L3,Feb/13/2025,"390,000",22,Similar,Common Property,2015,Good,881,7,2,2,None,"2, Undgrnd. Stalls",,4758316
1.18 KM,Condominium,Apartment-Low-Rise (,105-22 Auburn Bay Link SE,Calgary AB T3M 1Z8,Mar/15/2025,"344,000",17,Similar,Common Property,2015,Inferior,875 SqFt,6,2,2,None,"1, Undgrnd. Stall",,4758316
9.03 KM,Detached,1 Storey,20 Creekside Way,Mill Cove NS B0J 1T0,Feb/21/2025,"550,000",55+/-,Similar,51836+/- SqFt,4yrs+/-,Good,1288+/-SqFt,5,3,2:0,Crawl Space,Gravel Driveway,,4758324
1.30 KM,Detached,Bi-Level,102 Deeridge Rd,Black Point NS B0J 1T0,Jan/10/2025,"649,000",1+/-,Similar,67188+/- SqFt,1+/-,Good,1211+/-SqFt,6,3,2F,Full/Finished,DblBuiltin/PvdDway,,4758324
19.97 KM,Detached,1 Storey,5296 Highway 329,Blandford NS B0J 1T0,Oct/25/2024,"620,000",87+/-,Superior,93131+/- SqFt,44+/-,Average,1085+/-SqFt,6,3,1F,Part Finished,1.5Detached/GravelDwy,,4758324
0.34 KM,High Rise Apartment,1 Storey,904-71 Simcoe St,Toronto ON M5J 2S9,Feb/04/2025,"970,000",64,Similar,Condo Property,36,Similar,1340 SqFt,5,2 + 1,2:0,None,"1, Undgrnd. Stall",,4758529
0.05 KM,High Rise Apartment,1 Storey,3103-126 Simcoe St,Toronto ON M5H 4E6,Mar/06/2025,"785,000",27,Similar,Condo Property,12,Superior,853SqFt,5,2,2:0,None,"1, Undgrnd. Stall",,4758529
0.77 KM,High Rise Apartment,1 Storey,2805-361 Front St W,Toronto ON M5V 3R5,Feb/27/2025,"920,000",50,Similar,Condo Property,23,Superior,1043 SqFt,6,2+ 1,2:0,None,"1, Undgrnd. Stall",,4758529
.05 km,Townhouse,Bungalow,57 Morenz Terr,Kanata ON K2K 3H2,Sep/25/2024,"900,000",2,Similar,41' x 98' / 4014 SqFt,2003,Good,1470 SqFt,7,2,3F,Full Finished/Walkout,Dbl. Att. Gar.,,4758615
2.2 km,Townhouse,Bungalow,90 Kinmount Pvt,Kanata ON K2T 1K1,Mar/24/2025,"740,000",42,Similar,28' x 172' / 4485 SqFt,2002,Inferior,1465 SqFt,9,2,2F,"Full, Unfinished",Dbl. Att. Gar.,,4758615
1.7 km,Townhouse,Bungalow,41 Coulson Crt,Kanata ON K2K 2Z5,Apr/04/2025,"790,000",66,Similar,28' x 113' / 4842 SqFt,2000,Average,1475 SqFt,8,3,3F,Full Finished/Walkout,Dbl. Att. Gar.,,4758615
2.86 KM,Detached,2 Storey,1 Partridge Nest Dr,Mineville NS B2Z 1J8,Jan/17/2025,"525,000",20+/-,Inferior,28176+/-SqFt,42+/-,Inferior,1693+/-SqFt,7,4,1:1,Full/Finished,Sgl. Det. gar.,,4758672
14.66 KM,Detached,2 Storey,6547 Highway 7,Gaetz Brook NS B0J 2L0,Dec/13/2024,"420,000",3+/-,Inferior,21446+/-SqFt,80+/-,Similar,1100+/-SqFt,6,3,2:0,Crawl Space,"Driveway, Slab",,4758672
0.15 KM,Detached,2 Storey,47 Denise Dr,Lake Echo NS B3E 1M5,Sep/23/2024,"585,000",77+/-,Similar,24343+/-SqFt,39+/-,Similar,2402+/-SqFt,7,4,2:0,Full/Finished,Sgl. Att. Gar.,,4758672
2.70 KM,Detached,2 Storey,275 Lucas Way NW,Calgary AB T3P 0R5,Feb/18/2025,"1,038,888",29,Superior,390 SqM,3,Similar,233 SqM,7,3,3F1H,Full/Finished,Dbl. Att. Gar.,,4759024
2.95 KM,Detached,2 Storey,18 Carrington Rd NW,Calgary AB T3P 1L8,Apr/03/2025,"1,020,000",12,Superior,384 SqM,4,Inferior,248 SqM,9,5,4F,Full/Finished,Dbl. Att. Gar.,,4759024
7.38 KM,Detached,2 Storey,85 Sage Hill Cres NW,Calgary AB T3R 1Y2,Mar/04/2025,"1,005,000",26,Similar,333 SqM,4,Similar,224 SqM,8,4,2F1H,Full/Finished,Dbl. Att. Gar.,,4759024
9.73 KM,Detached,Bungalow,5 Willowdale Dr,Musquodoboit Harbour NS B0J 2L0,Mar/29/2025,"599,000",47,Superior,40000+/-SqFt,8,Superior,1382+/-SqFt,5,2,1:0,Secondary Suite,Sgl. Att. Gar.,,4759088
9.68 KM,Detached,3 Level Split,2 Willowdale Dr,Musquodoboit Harbour NS B0J 2L0,Feb/06/2025,"500,000",4,Superior,32393+/-SqFt,27,Inferior,1182+/-SqFt,6,3,2:0,Part/Full Finished,Dbl (2 Bay) Det. Gar.,,4759088
0.93 KM,Detached,Bi-Level,137 Myers Point Rd,Head of Jeddore NS B0J 1P0,Oct/18/2024,"429,900",2,Similar,48085+/-SqFt,30,Inferior,864+/-SqFt,5,2,1:0,Full/Finished,1.5 Det. Gar.,,4759088
0.99 KM,Detached,1 Storey,46 Highway 3,Hubbards NS B0J 1T0,Mar/28/2025,"375,000",31+/-,Similar,8600+/-SqFt,64+/-,Superior,1138 SqFt,6,3,1:0,Full/Part Finished,Driveway,,4759260
9.66 KM,Detached,1 Storey,7730 Highway 329,East River Point NS B0J 1T0,Dec/31/2024,"348,500",5+/-,Similar,21730+/-SqFt,38+/-,Similar,1092 SqFt,6,3,1:0,Full/Unfinished,Driveway (pvd),,4759260
9.79 KM,Detached,1 Storey,43 Summer Lane,Boutiliers Point NS B3Z 1V3,Oct/18/2024,"375,000",70+/-,Similar,67082+/-SqFt,65+/-,Similar,889 SqFt,4,2,1:0,Crawl Space,Dbl. Det. Gar.,,4759260
0.43 KM,Detached,2 Storey,393 Stoneway Dr,Nepean ON K2G 6G7,Mar/16/2025,"725,000",71,Similar,37 x 74 / 2841 SqFt,1995 +/-,Similar,1688 SqFt,7,3,2:1,Full/Finished,Sgl. Att. Gar.,,4759498
0.92 KM,Detached,2 Storey,24 Avonhurst Ave,Nepean ON K2J 4K9,Mar/27/2025,"650,000",78,Similar,35 x 111.54 / 3907 SqFt,1996 +/-,Similar,1453 SqFt,6,3,1:1,Full/Finished,Sgl. Att. Gar.,,4759498
1.90 KM,Detached,2 Storey,53 Armagh Way,Nepean ON K2J 4C1,Apr/04/2025,"759,500",9,Similar,35.17 X 111.97 / 3984 SqFt,1993 +/-,Similar,1944 SqFt,7,3,3:1,Full/Part Finished,Dbl. Att. Gar.,,4759498
0.43 KM,Detached,1 Storey,34 Craigmore Dr,Halifax NS B3N 1M2,Dec/20/2024,"845,000",32+/-,Inferior,22489+/-SqFt,65+/-,Similar,1374+/-SqFt,6,3,1:0,Full/Part Finished,Single Builtin,,4759512
0.28 KM,Detached,1 Storey,4 Piers Ave,Halifax NS B3N 1Z3,Dec/03/2024,"702,000",3+/-,Inferior,7000+/-SqFt,69+/-,Similar,1060+/-SqFt,6,3,1:0,Full/Finished,Driveway,,4759512
0.22 KM,Detached,1 Storey,44 Walton Dr,Halifax NS B3N 1X7,Sep/21/2024,"888,000",7+/-,Superior,14738+/-SqFt,72+/-,Inferior,1921+/-SqFt,8,4,2:0,Full/Part Finished,Dbl (2 Bay) Builtin,,4759512
0.79 KM,Duplex,2 Storey,135 Hawthorne St,Dartmouth NS B2Y 2Z1,Mar/31/2025,"951,000",5+/-,Superior,3796+/-SqFt,102+/-,Superior,1560+/-SqFt,6,3,3:0,Full/Finished,Driveway,,4759561
0.89 KM,Detached,2 Storey,53 Pine St,Dartmouth NS B3A 1X3,Feb/19/2025,"908,000",3+/-,Similar,6500+/-SqFt,102+/-,Similar,1856+/-SqFt,7,3,1:1,Full/Finished,Driveway,,4759561
0.34 KM,Duplex,2 Storey,73 Prince Albert Rd,Dartmouth NS B2Y 1M1,May/18/2024,"782,500",18+/-,Similar,4000+/-SqFt,95+/-,Inferior,2302+/-SqFt,7,3,2:0,Full/Unfinished,Driveway,,4759561
0.48 KM,Semi Detached,Bi-Level,1702 Caldwell Rd,Eastern Passage NS B3G 1C6,Jan/13/2025,"320,000",38+/-,Inferior,4641+/-SqFt,38+/-,Inferior,1250+/-SqFt,6,3,1:1,None,Paved Driveway,,4759562
1.05 KM,Semi Detached,2 Storey,49 Peter Crt,Eastern Passage NS B3G 1S9,Oct/18/2024,"370,000",16+/-,Similar,3238+/-SqFt,21+/-,Superior,1403+/-SqFt,6,3,2F,None,Paved Driveway,,4759562
,Semi Detached,2 Storey,177 Melrose Cres,Eastern Passage NS B3G 1P2,Oct/16/2024,"367,000",2+/-,Similar,3426+/-SqFt,28+/-,Average,1281+/-SqFt,6,3,1:1,None,Paved Driveway,,4759562
0.16 KM,Detached,2 Storey,23 White Dove Crt,Halifax NS B3N 3G5,Mar/25/2025,"680,000",2+/-,Superior,5058+/-SqFt,22+/-,Similar,1920+/-SqFt,6,3,2:1,Full/Finished,Driveway,,4759604
0.32 KM,Detached,2 Storey,45 Ridgestone Crt,Halifax NS B3N 3H8,Jan/24/2025,"678,000",91+/-,Superior,4429+/-SqFt,18+/-,Similar,1834+/-SqFt,8,4,2:1,Full/Finished,Driveway,,4759604
0.11 KM,Detached,2 Storey,94 Tamarack Dr,Halifax NS B3N 3H1,Nov/16/2024,"600,000",2+/-,Inferior,4359+/-SqFt,22+/-,Superior,1353+/-SqFt,6,3,2:1,Full/Finished,Driveway,,4759604
0.49 KM,Detached,1.5 Storey,36 Mount Pleasant Ave,Dartmouth NS B3A 3T4,Apr/07/2025,"787,000",5+/-,Similar,4343+/-SqFt,70+/-,Similar,1879+/-SqFt,8,4,1:1,Full/Finished,Sgl. Att. Gar.,,4759846
0.41 KM,Detached,3 Level Split,2 Lawnsdale Dr,Dartmouth NS B3A 2N2,Feb/17/2025,"780,000",6+/-,Similar,5700+/-SqFt,71+/-,Superior,1892+/-SqFt,8,4,2:0,Full/Part Finished,Driveway,,4759846
0.13 KM,Detached,Bi-Level,40 Kingston Cres,Dartmouth NS B3A 2M2,Nov/20/2024,"708,000",2+/-,Similar,7370+/-SqFt,51+/-,Inferior,1531+/-SqFt,6,3,1:1,Full/Finished,1.5 Builtin,,4759846
0.01 KM,Townhouse,2 Storey,366 Bruyère St,Ottawa ON K1N 5E7,Jan/31/2025,"1,194,900",8 +/-,Similar,22.63 x 53.12 / 1221 SqFt,1907 +/-,Superior,1582 SqFt,8,3,2:0,Full/Unfinished,Driveway surface,,4764028
0.80 KM,Townhouse,3 Storey,2 Brigadier Pvt,Ottawa ON K1N 1E6,Aug/14/2024,"922,500",12 +/-,Similar,30.9 x 103.38 / 2985 SqFt,1996 +/-,Inferior,1823 SqFt,7,2,2:0,Full/Finished,Sgl. Att. Gar.,,4764028
0.91 KM,Townhouse,3 Storey,383 Daly Ave,Ottawa ON K1N 6G8,Jul/15/2025,"1,247,000",28 +/-,Similar,24 x 99 / 2449 SqFt,1867 +/-,Similar,3336 SqFt,10,5,3:1,Full/Finished,Sgl. Att. Crprt.,,4764028
0.13 KM,Detached,Bungalow,1035 Connery Ave,Ottawa ON K1G 2N9,Mar/06/2025,"550,000",6 +/-,Similar,53 x 100 / 5300 SqFt,1961 +/-,Similar,1109 SqFt,6,3,2:0,Full/Finished,Sgl. Att. Crprt.,,4766326
0.68 KM,Detached,Bungalow,816 Dickens Ave,Ottawa ON K1G 2X8,Jan/10/2025,"615,000",36 +/-,Similar,43 x Irr / 7008 SqFt,1960 +/-,Average,1313 SqFt,6,3,2:0,Full/Finished,Driveway surface,,4766326
0.91 KM,Detached,Bungalow,826 Hamlet Rd,Ottawa ON K1G 1R2,Apr/14/2025,"656,000",20 +/-,Similar,56 x 90 / 5039 SqFt,1956 +/-,Superior,1204 SqFt,6,3,1:1,Full/Finished,Driveway surface,,4766326
0.07 KM,Condominium,2 Storey,75 Forestside Cres,Halifax NS B3M 1M5,Mar/06/2025,"433,000",14,Similar,Condo,1970,Superior,1386 SqFt,5,4,1:1,Part Finished,Lot,,4766430
0.01 KM,Condominium,2 Storey,92 Forestside Cres,Halifax NS B3M 1M4,Feb/26/2025,"405,000",4,Similar,Condo,1970,Inferior,1386 SqFt,5,3,1:1,Full/Part Finished,Lot,,4766430
0.30 KM,Condominium,2 Storey,238 Willett St,Halifax NS B3M 3C8,Jul/18/2024,"450,000",5,Similar,Condo,1974,Superior,1366 SqFt,6,4,1:1,Full/Part Finished,Lot,,4766430
0.00 KM,High Rise Apartment,1 Storey,1112-730 2 Ave SW,Calgary AB T2P 1R8,Mar/28/2025,"405,000",38 +/-,Inferior,Common Property,2024,Similar,512.09 SqFt,5,1,1F,No Basement,Street,,4767066
1.57 KM,High Rise Apartment,1 Storey,2104-930 16 Ave SW,Calgary AB T2R 1C2,Apr/09/2025,"412,500",21 +/-,Superior,Common Property,2019,Inferior,552.87 SqFt,5,1,1F,No Basement,"1, Undgrnd. Stall",,4767066
0.83 KM,High Rise Apartment,1 Storey,1606-108 Waterfront Crt SW,Calgary AB T2P 1K7,Feb/27/2025,"385,000",27 +/-,Similar,Common Property,2018,Inferior,558.27 SqFt,5,1,1F,No Basement,"1, Undgrnd. Stall",,4767066
0.51 KM,Detached,2 Storey,111 Damselfly Way,Nepean ON K2J 6C4,Mar/05/2025,"750,000",6,Similar,33.43 x 93.29 / 2928 SqFt,2016 +/-,Similar,1919 SqFt,7,3,2:1,"Full, Unfinished",Sgl. Att. Gar.,,4768014
1.22 KM,Detached,2 Storey,328 Appalachian Cir,Nepean ON K2J 6X3,Feb/26/2025,"715,000",49,Similar,35 x 69.88 / 2440 SqFt,2023 +/-,Similar,1746 SqFt,6,3,2:1,Full/Part Finished,Sgl. Att. Gar.,,4768014
1.52 KM,Detached,2 Storey,2402 Regatta Ave,Nepean ON K2J 0T8,Apr/14/2025,"779,000",32,Similar,33.95 x 81.9 / 2786 SqFt,2009 +/-,Inferior,1993 SqFt,6,3,3:1,Full/Finished,Sgl. Att. Gar.,,4768014
11.77 KM,Duplex,2.5 Storey,226 Kent St,Port Colborne ON L3K 3A1,Feb/24/2025,"573,000",45,Similar,40' x 120' / 4800 SqFt,1920,Similar,2185 SqFt,9,4,2:0,Full/Unfinished,Dbl. Det. Gar.,,4768037
1.56 KM,Duplex,Split Level,168 Windsor St,Welland ON L3C 6T6,Dec/12/2024,"570,000",77,Similar,30' x 110' / 3200 SqFt±,1986,Superior,2054 SqFt,10,5,2:0,Adjusted above in LFA,Driveway,,4768037
5.44 KM,Duplex,2 Storey,1105 Haist Street,Pelham ON L0S 1E2,Dec/09/2024,"645,000",24,Superior,75' x 160' / 12000 SqFt±,1928,Similar,1962 SqFt,9,4,2:0,Full/Unfinished,Driveway,,4768037
19.68 KM,Townhouse,2 Storey,21-4552 Portage Rd,Niagara Falls ON L2E 0B8,Mar/26/2025,"655,000",111,Superior,n/a condo,2024±,Inferior,1600 SqFt±,8,4,2:1,Full/Unfinished,2 Car Built-in,,4763606
1.06 KM,Townhouse,2 Storey,1-150 Broadway,Welland ON L3C 0J2,Apr/03/2025,"520,000",64,Similar,n/a condo,2023±,Inferior,1400 SqFt±,6,3,2:1,Full; part finished/3pc,1 Car Detached,,4763606
6.03 KM,Townhouse,2 Storey,14-96 Welland Rd,Fonthill ON L0S 1E4,Apr/16/2025,"715,000",58,Superior,n/a condo,2021,Superior,1675 SqFt,6,3,2:1,Full/Unfinished,1 Car Detached,,4763606
1.12 KM,Detached,1 Storey,9 Chittick Ave,Dartmouth NS B2Y 3J7,Feb/28/2025,"547,500",4+/-,Superior,8799+/-SqFt,70+/-,Superior,1303+/-SqFt,6,3,1:0,Full/Part Finished,Driveway,,4763898
0.67 KM,Detached,1 Storey,27 Cranston Ave,Dartmouth NS B2Y 3G1,Jan/31/2025,"441,200",7+/-,Superior,10030+/-SqFt,59+/-,Inferior,1215+/-SqFt,6,3,1:0,Full/Unfinished,Sn. Bin. Gar. (-),,4763898
0.67 KM,Detached,1.5 Storey,13 Chestnut Lane,Dartmouth NS B2Y 3X1,Nov/08/2024,"431,000",4+/-,Inferior,6500+/-SqFt,79+/-,Superior,1004+/-SqFt,5,3,1:0,Full/Unfinished,Driveway (gravel),,4763898
0.45 KM,Detached,2 Storey,1131 Wintergreen Cres,Kingston ON K7P 2G3,Jan/30/2025,"757,750",24,Superior,"60' x 110' / 6,600 sf",36,Average,"2,617 SqFt",14+6,4,3:1,Full/Finished,Double Attached,,4765154
0.16 KM,Detached,Split Level,829 Larchwood Cres,Kingston ON K7P 2P8,Mar/05/2025,"585,000",36,Superior,"47.8' x 104.5' / 4,995 sf",36,Inferior,"1,732 SqFt",5+4,3+1,1:1,Part / Finished,Single Attached,,4765154
0.50 KM,Detached,2 Storey,768 Cataraqui Woods Dr,Kingston ON K7P 2R1,Mar/31/2025,"544,000",4,Similar,"38.8' x 114.8' / 4,454 sf",36,Inferior,"1,221 SqFt",8+2,3,1:1,Full/Part Finished,No Garage,,4765154
5.07 KM,Detached,1 Storey,23805 Merlin Rd,Tilbury ON N0P 2L0,Feb/20/2025,"354,500",29,Similar,80 x 104,36,Inferior,1765 SqFt,9,3,1:0,Crawl Space,Sgl. Det. gar.,,4765502
10.16 KM,Detached,1.5 Storey,6129 Seventh Line W,Merlin ON N0P 1W0,Jan/22/2025,"492,500",40,Similar,132 x 185,90,Superior,1864 SqFt,12,3,2:1,Crawl Space,Driveway,,4765502
2.44 KM,Detached,2 Storey,6673 Riverview Line,Chatham ON N7M 5T1,Dec/16/2024,"490,000",47,Superior,110 x irregular,115,Superior,1700 SqFt,8,3,1:1,Part/Unfinished,Driveway,,4765502
0.12 KM,Detached,2 Storey,1729 Reginald Bart Dr,Kingston ON K7K 0E8,Oct/21/2024,"640,000",46,Similar,32.8' x 98' / 3214 sf,11,Average,"1,478 sf",12,3,1:1,Part/Full Finished,Single Attached,,4765899
0.42 KM,Detached,2 Storey,67 Schooner Dr,Kingston ON K7K 7K1,Mar/31/2025,"717,000",11,Similar,35' x 122.6' / 4291 sf,23,Superior,"1,629 sf",15,3+1,3:1,Full/Finished,Single Attached,,4765899
0.44 KM,Detached,1 Storey,63 Schooner Dr,Kingston ON K7K 7K1,Feb/13/2025,"650,000",8,Similar,35' x 122.6' / 4291 sf,23,Average,"1,079 sf",8+5,2+1,3:0,Full/Finished,Single Attached,,4765899
0.87 KM,Duplex,2 Storey,275 Division St,Kingston ON K7K 3Z7,Feb/12/2025,"675,000",76+/-,Similar,20' x 95' / 1900 sf,100+/-,Superior,1500 +/- SqFt,8,4,2:0,Cellar,Sgl. Det. gar.,,4765948
0.72 KM,Triplex,2 Storey,1-21 Cherry St,Kingston ON K7K 3W2,Oct/29/2024,"764,900",19+/-,Similar,45' x 85' / 3825 sf,70+/-,Superior,3000 +/- SqFt,9,5,3:0,Included Above,No Garage,,4765948
0.69 KM,Duplex,1 Storey,46 York St,Kingston ON K7K 1P5,Jan/18/2025,"617,500",2+/-,Similar,36' x 92' / 3312 sf,40+/-,Average,2000 +/- SqFt,8,4,2:0,Included Above,Sgl. Det. gar.,,4765948
0.24 KM,Townhouse,2 Storey,550 Paine Ave,Kanata ON K2T 0K7,Feb/21/2025,"650,000",7 +/-,Similar,25x 98 / 3035.35 sf +/-,2016 +/-,Similar,1570 SqFt,6,3,2:1,Full/Finished,Sgl. Att. Gar.,,4768126
0.33 KM,Townhouse,2 Storey,524 Paine Ave,Kanata ON K2T 0K7,Feb/27/2025,"676,000",27 +/-,Similar,27 x 98 / 2664.87 sf +/-,2015 +/-,Similar,1869 SqFt,8,5,2:1,Full/Finished,Sgl. Att. Gar.,,4768126
0.11 KM,Townhouse,2 Storey,164 Calvington Ave,Kanata ON K2T 0H8,Mar/26/2025,"706,000",2 +/-,Similar,22 x 89 / 3159.74 sf +/-,2013 +/-,Similar,1830 SqFt,7,4,2:1,Full/Finished,Sgl. Att. Gar.,,4768126
0.52 KM,Townhouse,2 Storey,965 Linaria Walk,Orléans ON K4A 0H9,Mar/11/2025,"627,500",14 +/-,Similar,25.39 x 104.99 /2665 SqFt,2009 +/-,Inferior,1551 SqFt,6,3,2:1,Full/Finished,Sgl. Att. Gar.,,4768528
1.31 KM,Townhouse,2 Storey,2282 Descartes St,Orléans ON K4A 0W4,Jan/23/2025,"700,994",8 +/-,Similar,23.59 x Irr / 4843 SqFt,2013 +/-,Inferior,1873 SqFt,6,3,2:1,Full/Finished,Sgl. Att. Gar.,,4768528
0.27 KM,Townhouse,2 Storey,958 Socca Cres,Orléans ON K4A 5M1,Mar/26/2025,"705,000",15 +/-,Similar,22.78 x Irr / 3582 SqFt,2022 +/-,Similar,1932 SqFt,7,4,2:1,Full/Finished,Sgl. Att. Gar.,,4768528
0.99 KM,Condominium,2 Storey,3518 John Parr Dr,Halifax NS B3K 5V2,Jan/17/2025,"434,500",4 DOM,Similar,n/a,36,Average,1150 SqFt,6,3,2,None,No Garage,,4769110
0.14 KM,Condominium,2 Storey,5617 Carriageway Cres,Halifax NS B3K 5K4,Mar/28/2025,"465,000",7 DOM,Similar,n/a,47,Average,1216 SqFt,6,3,2,Full/Part Finished,Sgl. Att. Gar.,,4769110
0.06 KM,Condominium,2 Storey,3882 Novalea Dr,Halifax NS B3K 3G6,Apr/14/2025,"434,523",3 DOM,Inferior,n/a,51,Average,1500 SqFt,6,3,2,Full/Part Finished,Sgl. Att. Gar.,,4769110
14.96 KM,Detached,Bungalow,253 Queen Street,Atwood ON N0G 1B0,Apr/06/2025,"825,000",10 +/-,Similar,0.49 Acre,2011 +/-,Average,1567 SqFt,6,2,2F,Full/Finished,Trpl. Att. Gar.,,4769269
0.06 KM,Detached,Bungalow,84343 Kent Line,Brussels ON N0G 1H0,Apr/01/2025,"1,128,000",26 +/-,Similar,1.22 Acres,2021 +/-,Average,1769 SqFt,6,2,2F,Full/Finished,Dbl. Att. Gar.,,4769269
26.43 KM,Detached,Bungalow,234 Henry Street,Mitchell ON N0K 1N0,Dec/18/2024,"825,720",36 +/-,Similar,0.15 Acre,2024 +/-,Average,1680 SqFt,6,3,2F,Full/Unfinished,Dbl. Att. Gar.,,4769269
0.39 KM,Detached,Bungalow,189 Blackhorse Dr,Kemptville ON K0G 1J0,Oct/04/2024,"925,000",28 +/-,Similar,42.65 x 110 / 4691 SqFt,2021 +/-,Inferior,1814 SqFt,6,2,3:0,Full/Finished,Dbl. Att. Gar.,,4770115
0.64 KM,Detached,Bungalow,116 Blackhorse Dr,Kemptville ON K0G 1J0,Nov/04/2024,"1,100,000",28 +/-,Similar,59.59 x 114.82 / 6842 SqFt,2020 +/-,Inferior,1523 SqFt,6,2,3:0,Full/Part Finished,Dbl. Att. Gar.,,4770115
7.73 KM,Detached,Bungalow,13 Tilly Lane,Oxford Mills ON K0G 1S0,Apr/30/2025,"1,250,000",36 +/-,Similar,140.69 x 343.52 / 48329 SqFt,2022 +/-,Similar,1988 SqFt,8,4,3:0,Full/Finished,Dbl. Att. Gar.,,4770115
0.22 KM,Detached,2 Storey,261 Arthur St,Gananoque ON K7G 1B3,Nov/29/2024,"640,000",112,Similar,"60' x 120' / 7,200 sf",100+,Average,"1,590 sf",12,2,1:1,Cellar,No Garage,,4770310
0.03 KM,Detached,2.5 Storey,198 South St,Gananoque ON K7G 1A2,Apr/10/2025,"550,000",8,Similar,"63' x 123' / 7,749 sf",100+,Inferior,"3,440 sf",14,4+3,5:0,Cellar,Single Detached,,4770310
0.20 KM,Detached,2 Storey,260 John St,Gananoque ON K7G 1A7,Jun/13/2024,"600,000",17,Similar,"60' x 210' / 12,600 sf",100+ / 10,Inferior,"2,336 sf",12,4,2:0,Crawl Space,No Garage,,4770310
0.06 KM,Condominium,1 Storey,202-550 Talbot Pl,Gananoque ON K7G 3C6,Dec/12/2024,"237,000",134,Similar,NA,35,Inferior,819 sf,5,2,1:0,Condo Common,1 Space,,4771097
1.02 KM,Condominium,1 Storey,404-610 William St S,Gananoque ON K7G 3A4,Feb/08/2025,"325,000",36,Superior,NA,45,Average,594 sf,7,1,1:0,Condo Common,1 Space,,4771097
0.00 KM,Condominium,1 Storey,305-540 Talbot Pl,Gananoque ON K7G 3C6,Jul/23/2024,"255,000",26,Similar,NA,35,Average,819 sf,6,2,1:0,Condo Common,1 Space,,4771097
2.37 KM,Detached,2 Storey,286 Taravista Dr NE,Calgary AB T3J 5L8,Feb/25/2025,"827,500",33 +/-,Inferior,355 SqM,2006,Superior,2537.40 SqFt,9,4,2F 2H,Full/Finished,Dbl. Att. Gar.,,4771029
2.94 KM,Detached,2 Storey,133 Saddlelake Grove NE,Calgary AB T3J 0N8,Feb/28/2025,"830,000",35 +/-,Superior,369 SqM,2013,Inferior,2811.00 SqFt,9,4,4F,Full/Finished,Dbl. Att. Gar.,,4771029
0.49 KM,Detached,2 Storey,63 Martinview Cres NE,Calgary AB T3J 2S5,Dec/19/2024,"750,000",20 +/-,Inferior,489 SqM,1991,Similar,2336.52 SqFt,9,5,3F,Full/Finished,Dbl. Att. Gar.,,4771029
2.41 KM,Detached,3 Storey,116 Ambleside Cres NW,Calgary AB T3P 1S6,Jan/07/2025,"942,000",55 +/-,Inferior,343 SqM,2024,Superior,3068.75 SqFt,9,5,4F 1H,Full/Unfinished,Dbl. Att. Gar.,,4771641
31.28 KM,Detached,3 Storey,1134 Alpine Ave SW,Calgary AB T2Y 0T2,Jan/27/2025,"840,000",17 +/-,Similar,240 SqM,2023,Superior,2206.09 SqFt,6,3,2F 1H,Full/Unfinished,Dbl. Det. Gar.,,4771641
2.86 KM,Detached,3 Storey,21 Panora St NW,Calgary AB T3K 0R6,Mar/07/2025,"635,000",59 +/-,Similar,333 SqM,2011,Inferior,1998.70 SqFt,8,4,3F 1H,Full/Unfinished,Off Street,,4771641
0.31 KM,Detached,4 Level Split,6248 Taralea Pk NE,Calgary AB T3J 5A8,Mar/25/2025,"647,500",50 +/-,Inferior,416 SqM,2003,Superior,1259 SqFt,6,3,2F,Developed/2F,Dbl. Att. Gar.,,4772017
0.43 KM,Detached,Bi-Level,91 Taralea Cres NE,Calgary AB T3J 5A8,Feb/18/2025,"565,000",123 +/-,Inferior,494 SqM,2004,Superior,1120 SqFt,5,1,1F 1H,Developed/1F,Dbl. Att. Gar.,,4772017
0.23 KM,Detached,Bi-Level,232 Taracove Rd NE,Calgary AB T3J 5A2,Apr/25/2025,"575,000",15 +/-,Inferior,309 SqM,2003,Average,1189.04 SqFt,6,3,2F,Developed/1F,Gravel pad,,4772017
0.21 KM,Detached,2 Storey,130 Hidden Ranch Rd NW,Calgary AB T3A 5S6,Apr/25/2025,"668,500",56,Superior,10.97mx 34.0m / 373,1996,Good,1811 SqFt,7,3,2F 1H,Full/Finished,Dbl. Att. Gar.,,4772152
0.17 KM,Detached,2 Storey,193 Hidden Ranch Hill NW,Calgary AB T3A 5X6,Feb/21/2025,"650,000",29,Superior,16.74mx31.04m /416,1998,Good,1554 SqFt,6,3,2f 1H,"Full, Walkout",Dbl. Att. Gar.,,4772152
1.69 KM,Detached,2 Storey,10673 Hidden Valley Dr NW,Calgary AB T3A 5V3,Feb/03/2025,"700,000",4,Similar,11.64m x 33.99m/393,1997,Excellent,1548 SqFt,7,3,2F 1H,Full/Finished,Dbl. Att. Gar.,,4772152
0.22 KM,Townhouse,2 Storey,42 Sandringham Crt,Brampton ON L6T 3Z3,Jan/25/2025,"675,000",67,Similar,Condo Property,50,Similar,1178 SqFt,6,3,2:1,Full/Finished,Sgl. Att. Gar.,,4775892
0.18 KM,Townhouse,2 Storey,41 Lincoln Crt,Brampton ON L6T 3Z2,Dec/06/2024,"659,900",7,Similar,Condo Property,50,Superior,1178 SqFt,7,3,1:1,Full/Finished,Sgl. Att. Gar.,,4775892
1.84 KM,Townhouse,2 Storey,238 Fleetwood Cres,Brampton ON L6T 2E7,Mar/10/2025,"628,000",12,Similar,Condo Property,54,Similar,1231 SqFt,7,4,2:0,Full/Finished,Sgl. Att. Gar.,,4775892
1.23 KM,Detached,2 Storey,320 Everglade Cir SW,Calgary AB T2Y 4M8,Mar/23/2025,"890,000",33,Similar,430 SqM,2006,Excellent,2540 SqFt,8,4,2:1,Full/Finished,Dbl. Att. Gar.,,4776066
0.28 KM,Detached,2 Storey,161 Everoak Cir SW,Calgary AB T2Y 0A2,Feb/14/2025,"900,000",6,Superior,386 SqM,2006,Good,2274 SqFt,8,3,2:1,Full Finished/Walkout,Dbl. Att. Gar.,,4776066
0.97 KM,Detached,2 Storey,1845 Evergreen Dr SW,Calgary AB T2Y 5B1,Feb/08/2025,"905,000",10,Similar,445 SqM,2004,Excellent,2431 SqFt,8,3,2:1,Full/Finished,Dbl. Att. Gar.,,4776066
3.38 KM,Detached,1 Storey,1584 North Shore Dr,Lowbanks ON N0A 1K0,Feb/27/2025,"500,000",118,Similar,88' x 266' / 0.5ac±,1962,Inferior,1032 SqFt,7,3,1:0,Full/Unfinished,2 Car Detached,,4773295
11.28 KM,Detached,1 Storey,12017 Station Rd,Wainfleet ON L0S 1V0,Dec/11/2024,"750,000",88,Superior,520' x 206' / 2.5ac±,1950±,Superior,1560 SqFt,7,3,1:0,Full/Unfinished,Driveway,,4773295
11.28 KM,Detached,1 Storey,7167 Rainham Rd,Dunnville ON N1A 2W8,May/02/2025,"830,000",88,Superior,200' x 173' / 1ac±,1970±,Superior,1700 SqFt±,7,3,2:0,Full/Finished,3.5 Car Detached,,4773295
0.78 KM,Detached,2 Storey,6 McIntyre Pl,Langdon AB T0J 1X2,Apr/08/2025,"770,000",9 +/-,Superior,920 SqM,2005,Good,2352.10 SqFt,9,3,3F,Full/Finished,Dbl. Att. Gar.,,4775247
1.10 KM,Detached,2 Storey,3 Lloyd Cres NE,Langdon AB T0J 1X1,Apr/07/2025,"652,500",16 +/-,Similar,1012 SqM,1998,Good,1560.55 SqFt,7,3,2F 1H,Full/Unfinished,Dbl. Att. Gar.,,4775247
0.20 KM,Detached,2 Storey,42 Besse Ave,Langdon AB T0J 1X2,Mar/24/2025,"785,000",18 +/-,Similar,809 SqM,2004,Superior,2238.50 SqFt,8,4,2F 1H,Full/Finished,Dbl. Att. Gar.,,4775247
9.91 KM,Detached,1 Storey,4 Philips Court,Haldimand ON N1A 2W2,Apr/14/2025,"1,315,000",25,Similar,136' x 257'± / 0.5ac±,2018,Superior,2000 SqFt,7,3,2:1,Full/Unfinished,3 Car Attached,,4773534
10.28 KM,Detached,2 Storey,1376 Bird Road,Haldimand ON N1A 2W2,Mar/28/2025,"1,195,000",16,Similar,115' x 363'± / 1ac±,1995±,Similar,2009 SqFt,8,3,2:1,Full/Finished,2 Car Attached,,4773534
1.60 KM,Detached,2 Storey,54025 Wellandport Rd,Wainfleet ON L0S 1V0,Nov/28/2024,"1,410,000",80,Similar,795' x 468'± / 4ac±,1980,Inferior,4302 SqFt,8,4,3:1,Full/Finished,2 Car Detached,,4773534
3.16 KM,Detached,1 Storey,6040 Middle Side Rd,Amherstburg ON N9V 0C8,Nov/17/2024,"674,000",12,Similar,150 x150,52,Average,1418 SqFt,7,3,2:0,Full/Finished,Dbl. Det. Gar.,,4773833
4.69 KM,Detached,1 Storey,7050 County Road 18,Amherstburg ON N9V 2Y7,Feb/11/2025,"680,000",25,Similar,109 x 198,70,Average,1089 sqft,7,6,2:0,Full/Finished,Trpl. Det. Gar.,,4773833
2.81 KM,Detached,4 Level Split,737 Concession Rd 2,Amherstburg ON N9V 3R3,Mar/04/2025,"760,000",15,Similar,85 x 200,52,Average,2685 SqFt,10,5,2:0,Full/Finished,Dbl. Att. Gar.,,4773833
0.40 KM,Detached,1 Storey,605 Truedell Rd,Kingston ON K7M 6S7,Feb/05/2025,"595,000",6,Inferior,50' x 108' / 5400 sf,48,Average,"1,158 SqFt",7+3,3,1:1,Part/Finished,Single Attached,,4776648
0.13 KM,Detached,1 Storey,355 Boxwood St,Kingston ON K7M 0B4,Apr/05/2025,"655,000",10,Similar,"35' x 139' / 4,865 sf",17,Similar,"1,537 SqFt",8,3,2:0,Full/Unfinish/WO,Single Attached,,4776648
0.45 KM,Detached,Split Level,862 Kilburn St,Kingston ON K7M 6A9,Apr/14/2025,"630,000",55,Similar,"60' x 115' / 6,900 sf",49,Inferior,"1,494 SqFt",13,4,2:0,Part/Finished,Double Attached,,4776648
0.68 KM,Detached,2 Storey,565 Boulder Creek Cir,Langdon AB T0J 1X3,Mar/28/2025,"826,000",42,Similar,7840 SqFt,17,Inferior,2342 SqFt,8,3,2:1,Unfinished/Walkout,Quad or More Attached,,4777578
0.38 KM,Detached,2 Storey,264 Boulder Creek Dr,Langdon AB T0J 1X3,Apr/25/2025,"930,000",18,Inferior,8276 SqFt,11,Similar,2700 SqFt,8,3,3:1,Full/Finished,Quad or More Attached,,4777578
1.60 KM,Detached,2 Storey,115 Hanson Dr NE,Langdon AB T0J 1X1,Apr/17/2025,"837,500",36,Inferior,10018 SqFt,14,Inferior,1917 SqFt,7,3,3:1,Full/Finished,2 Atta+ 2 Deta,,4777578
0.02 KM,Detached,2 Storey,25 Timberline Crt SW,Calgary AB T3H 6C8,Apr/30/2025,"2,700,000",34 +/-,Superior,839 SqM,2023,Similar,4180 SqFt,9,5,3F 1H,Full Finished/Walkout,Trpl. Att. Gar.,,4776534
0.31 KM,Detached,2 Storey,3 Timberline Gate SW,Calgary AB T3H 0W3,Mar/31/2025,"1,785,000",17 +/-,Inferior,947 SqM,2014,Inferior,3436.47 SqFt,10,3,2F 1H,Full Finished/Walkout,Trpl. Att. Gar.,,4776534
2.17 KM,Detached,2 Storey,75 Aspen Summit Crt SW,Calgary AB T3H 0Z3,Apr/08/2025,"1,700,000",35 +/-,Inferior,754 SqM,2015,Inferior,3236. 60 SqFt,9,3,3F 1H,Full Finished/Walkout,Trpl. Att. Gar.,,4776534
1.64 KM,Detached,2 Storey,2224 Brightoncrest Green SE,Calgary AB T2Z 5A3,Apr/17/2025,"819,900",43,Similar,3799 SqFt,11,Superior,2389 SqFt,9,3,3:1,Full/Finished,Dbl. Att. Gar.,,4776574
0.13 KM,Detached,2 Storey,3 Copperleaf Pk SE,Calgary AB T2Z 0C1,Feb/14/2025,"880,868",22,Superior,5360 SqFt,18,Superior,2344 SqFt,9,3,3:1,Full/Fin/Walkout,Dbl. Att. Gar.,,4776574
1.16 KM,Detached,2 Storey,579 Copperpond Cir SE,Calgary AB T2Z 0X2,Mar/13/2025,"715,000",20,Similar,3961 SqFt,15,Similar,2097 SqFt,6,3,3:1,Full/Finished,Dbl. Att. Gar.,,4776574
0.70 KM,,2 Storey,77 Taylor Dr,Grand Valley ON L9W 6P4,Apr/28/2025,"1,028,888",,,45.28 X 118.47,4,Good,2341 sqFt,8,3,2F1H,Full/Finished,2 Garage,89 / X11946599,4777828
0.55 KM,,2 Storey,14 Grundy Cres,Grand Valley ON L9W 7S7,Feb/07/2025,"1,070,000",,,41.99 X 111.55,2,Good,2432 sqFt,8,4,2F1H,Full/Unfinished,2 Garage,32 / X11907987,4777828
0.54 KM,,2 Storey,13 Grundy Cres,Grand Valley ON L9W 7S7,Mar/21/2025,"870,000",,,47.04 X 111.73,2,Good,1916 sqft,6,3,2F1H,Full/Unfinished,2 Garage,31 / X11978160,4777828
0.21 KM,Fourplex,Bi-Level,1521 27 Ave SW,Calgary AB T2T 1G5,Apr/12/2025,"1,350,000",17,Similar,580 SqM,1973,Superior,186 SqM,12,8,4F 2H,Full/Finished,Rear parking,,4778535
0.22 KM,Fourplex,Bi-Level,1527 28 Ave SW,Calgary AB T2T 1J3,Nov/08/2024,"1,190,000",107,Similar,580 SqM,1951,Inferior,195 SqM,11,7,4F,Full/Finished,Rear parking,,4778535
3.01 KM,Fourplex,Bi-Level,4724 Stanley Rd SW,Calgary AB T2S 2R2,Dec/06/2024,"1,232,000",57,Similar,696 SqM,1955,Similar,150 SqM,12,8,4F,Full/Finished,Dbl. Det. Gar.,,4778535
0.13 KM,Detached,Bungalow,3617 Douglas Woods Hts SE,Calgary AB T2Z 2G4,Apr/16/2025,"615,000",15,Superior,4596 SqFt,33,Inferior,1286 SqFt,5,2,3:0,Full/Finished,Dbl. Att. Gar.,,4778557
0.79 KM,Detached,Bi-Level,56 Douglasview Rise SE,Calgary AB T2Z 2P4,Jan/24/2025,"669,000",66,Superior,4929 SqFt,30,Inferior,1514 SqFt,6,2,3:0,Full/Finished,Dbl. Att. Gar.,,4778557
2.50 KM,Detached,Bungalow,739 Queensland Dr SE,Calgary AB T2J 4S8,Dec/28/2024,"600,000",16,Inferior,5823 SqFt,49,Similar,1401 SqFt,6,3,2:1,Full/Finished,Sgl. Att. Gar.,,4778557
2.81 KM,Detached,2 Storey,7 Peach Blossom Cres,Kitchener ON N2E 3Z6,Apr/11/2025,"825,000",15 +/-,Similar,3054 SQFT,22 +/-,Average,1617 SqFt,8,4,2F1P,Full/Finished,Dbl. Att. Gar.,,4779669
2.87 KM,Detached,2 Storey,61 Bush Clover Cres,Kitchener ON N2E 3P8,Feb/21/2025,"840,000",16 +/-,Similar,3150 SQFT,22 +/-,Average,1625 SqFt,6,3,2F1P,Full/Finished,Dbl. Att. Gar.,,4779669
0.01 KM,Detached,2 Storey,85 Eastforest Trail,Kitchener ON N2N 3M3,Jan/02/2025,"660,000",15 +/-,Similar,3653 SQFT,26 +/-,Inferior,1453 SqFt,6,3,1F1P,Full/Unfinished,Dbl. Att. Gar.,,4779669
0.20 KM,Condominium,1 Storey,701-121 Queen St,Kingston ON K7K 0G6,Mar/05/2025,"635,000",2,Inferior,Condo Common,8+/-,Good,825 sf,7,2,1:0,n/a,1 Space,,4778791
1.37 KM,Condominium,1 Storey,920-652 Princess St,Kingston ON K7L 1E5,Feb/28/2025,"405,000",21,Inferior,Condo Common,4,Inferior,609 sf,8,2,2:0,n/a,1 Space,,4778791
1.09 KM,Condominium,1 Storey,403-501 Frontenac St,Kingston ON K7K 4L9,Nov/23/2024,"475,000",59,Inferior,Condo Common,5,Inferior,818 sf,5,2,2:0,n/a,1 Space,,4778791
0.20 KM,Condominium,1 Storey,701-121 Queen St,Kingston ON K7K 0G6,Mar/05/2025,"635,000",2,Similar,Condo Common,8+/-,Good,825 sf,7,2,1:0,n/a,1 Space,,4778794
1.37 KM,Condominium,1 Storey,920-652 Princess St,Kingston ON K7L 1E5,Feb/28/2025,"405,000",21,Inferior,Condo Common,4,Inferior,609 sf,8,2,2:0,n/a,1 Space,,4778794
1.09 KM,Condominium,1 Storey,403-501 Frontenac St,Kingston ON K7K 4L9,Nov/23/2024,"475,000",59,Inferior,Condo Common,5,Inferior,818 sf,5,2,2:0,n/a,1 Space,,4778794
0.20 KM,Condominium,1 Storey,701-121 Queen St,Kingston ON K7K 0G6,Mar/05/2025,"635,000",2,Similar,Condo Common,8+/-,Good,825 sf,7,2,1:0,n/a,1 Space,,4778797
1.37 KM,Condominium,1 Storey,920-652 Princess St,Kingston ON K7L 1E5,Feb/28/2025,"405,000",21,Inferior,Condo Common,4,Inferior,609 sf,8,2,2:0,n/a,1 Space,,4778797
1.09 KM,Condominium,1 Storey,403-501 Frontenac St,Kingston ON K7K 4L9,Nov/23/2024,"475,000",59,Inferior,Condo Common,5,Inferior,818 sf,5,2,2:0,n/a,1 Space,,4778797
0.47 KM,Detached,2 Storey,123 Sandringham Pl NW,Calgary AB T3K 3V8,Apr/11/2025,"760,000",28 +/-,Superior,632 SqM,1990,Similar,1788 SqFt,8,3,2F 1H,Developed/1F,Dbl. Att. Gar.,,4778326
0.08 KM,Detached,2 Storey,164 Sandpiper Cir NW,Calgary AB T3K 3M5,Mar/08/2025,"722,500",8 +/-,Superior,372 SqM,1987,Similar,1682.55 SqFt,7,3,2F 1H,Full/Finished,Dbl. Att. Gar.,,4778326
1.41 KM,Detached,4 Level Split,108 Macewan Park Green NW,Calgary AB T3K 4E5,Apr/10/2025,"888,000",16 +/-,Superior,574 SqM,1992,Good,2100 SqFt,8,3,2F 1H,Developed/1F,Dbl. Att. Gar.,,4778326
0.03 KM,Detached,Bungalow,168 Marquis Pl SE,Airdrie AB T4A 1Y6,Apr/02/2025,"530,000",34 +/-,Similar,713 SqM,1979,Average,1377.90 SqFt,7,3,2F,Developed/1F,Dbl. Det. Gar.,,4758996
0.54 KM,Detached,Bi-Level,1852 Meadowbrook Dr SE,Airdrie AB T4A 1V2,Mar/28/2025,"518,000",20 +/-,Superior,456 SqM,1983,Average,1071.86 SqFt,5,3,2F,Part Devel. /1F,Dbl. Det. Gar.,,4758996
0.01 KM,Detached,4 Level Split,156 Marquis Pl SE,Airdrie AB T4A 1Y7,Feb/25/2025,"565,000",12 +/-,Similar,518 SqM,1979,Superior,1085.91 SqFt,6,3,2F,Devel. WO/1F,Dbl. Det. Gar.,,4758996
4.67 KM,Detached,2 Storey,1977 Thorpe Road,Loyalist,Jan/03/2025,"830,000",32,Similar,1250' x Irreg / 30 Acres,4,Superior,"1,844 sf",10,3+1,2:0,No Basement,No Garage,,4775785
16.86 KM,Detached,2 Storey,116 Dowdle Rd,Newburgh ON K0K 2S0,Apr/04/2025,"890,000",43,Similar,634.5' x 787' / 11.5 Acres,112,Superior,"3,790 sf",14,5,2:1,Cellar,Single Attached,,4775785
5.81 KM,Detached,2 Storey,3858 County Rd 1 E,Yarker ON K0K 3N0,Apr/04/2025,"616,000",52,Similar,400' x 650' / 5.9 Acres,141,Inferior,"2,523 sf",11,3,1:1,Crawl Space,Single Detached,,4775785
16.85 KM,Detached,Bungalow,8 Hilltop Cres,East Garafraxa ON L9W 6B8,Apr/02/2025,"1,375,000",20 +/-,Similar,2.17 Acres,50 +/-,Superior,1240 SqFt,6,1,2F,Full/Finished,Dbl. Att. Gar.,,4775292
11.17 KM,Detached,Bungalow,5739 Sixth Line,Hillsburgh ON N0B 1Z0,Feb/09/2025,"1,490,000",32 +/-,Similar,2 Acres,35 +/-,Average,1634 SqFt,7,3,2F,Full/Finished,1.5 car attached garage,,4775292
12.14 KM,Detached,Bungalow,7167 Seventh Line,Belwood ON N0B 1J0,Nov/20/2024,"1,150,000",15 +/-,Similar,10 Acres,31 +/-,Average,1610 SqFt,6,3,1F,None,No garage,,4775292
2.94 KM,Detached,1.5 Storey,2738 Isle of Man Rd,Kingston ON K7L 4V3,Nov/20/2024,"435,000",168,Superior,267' x Irreg / 0.87 Acres,105+/-,Superior,814 SqFt,9,2,1:1,Crawl Space,Sgl. Att. Gar.,,4723364
9.98 KM,Detached,Bungalow,2480 Hitchcock Rd,Joyceville ON K0H 1Y0,Nov/18/2024,"349,000",18,Inferior,353' x 1260' / 10.1 Acres,60+/-,Inferior,"1,350 SqFt",7,3,1:0,Cellar,No Garage,,4723364
6.44 KM,Detached,2 Storey,1996 McFarlane Rd,Kingston ON K7L 4V3,Oct/04/2024,"400,000",98,Similar,241' x Irreg / 1 Acre,125+/-,Average,984 SqFt,12,2+1,1:0,Cellar,Trpl. Det. Gar.,,4723364
